<?xml version="1.0" encoding="UTF-8"?>
<addon id="skin.silvo.al8ina17" version="0.0.1" name="[COLOR darkorange]Bee Queen[/COLOR]" provider-name="SILVO,ASistem">
	<requires>
		<import addon="xbmc.gui" version="5.12.0"/>
		<import addon="script.grab.fanart" version="0.12.8"/>
		<import addon="script.skinshortcuts" version="1.0.10"/>
		<import addon="service.library.data.provider" version="0.0.7"/>
		<import addon="resource.images.studios.white" version="0.0.1"/>
		<import addon="resource.images.recordlabels.white" version="0.0.1"/>
	</requires>
	<extension point="xbmc.gui.skin" debugging="false" effectslowdown="0.75">
		<res width="1920" height="1080" aspect="16:9" default="true" folder="16x9" />
	</extension>
	<extension point="xbmc.addon.metadata">
		<summary lang="de_DE">Skins und Skin Themen by Guidos Skinbase.</summary>
		<summary lang="en_GB">Skins and Skin Themen by Guidos Skinbase.</summary>
		<description lang="de_DE">The Biggest Skinbase off the World.</description>
		<description lang="en_GB">The Biggest Skinbase off the World.</description>
		<platform>all</platform>
		<license>CC BY-NC-SA 4.0</license>
		<forum>http://forum.kodi.tv/showthread.php?tid=210069</forum>
		<website>https://github.com/mikesilvo164/Aeon-Nox-SiLVO</website>
		<source>https://github.com/mikesilvo164/Aeon-Nox-SiLVO</source>
		<assets>
			<icon>resources/icon.png</icon>
			<fanart>resources/fanart.jpg</fanart>
			<screenshot>resources/screenshots/screenshot000.jpg</screenshot>
			<screenshot>resources/screenshots/screenshot001.jpg</screenshot>
			<screenshot>resources/screenshots/screenshot002.jpg</screenshot>
			<screenshot>resources/screenshots/screenshot003.jpg</screenshot>
			<screenshot>resources/screenshots/screenshot004.jpg</screenshot>
		</assets>
	</extension>
</addon>
