<?xml version="1.0" encoding="UTF-8"?>
<window>
    <defaultcontrol>1</defaultcontrol>
    <controls>
        <control type="image">
            <left>0</left>
            <top>0</top>
            <width>1920</width>
            <height>1080</height>
            <texture>common/semitransparent.png</texture>
        </control>
        <control type="group" id="1">
            <left>25</left>
            <top>0</top>
            <height>80</height>
            <width min="0" max="1920">auto</width>
            <control type="image">
                <aspectratio align="left" aligny="center">keep</aspectratio>
                <width>200</width>
                <left>0</left>
                <top>10</top>
                <height>175%</height>
                <texture background="true">$INFO[Window().Property(cinemagia.poster)]</texture>
            </control>
            <control type="label">
                <description>Torrent name title</description>
                <left>200</left>
                <top>0</top>
                <width>600</width>
                <height>20</height>
                <font>font12</font>
                <textcolor>yellow</textcolor>
                <align>left</align>
                <aligny>top</aligny>
                <label>Select channels:</label>
            </control>
            <control type="panel" id="2003">
                <description>Source Select List</description>
                <viewtype>list</viewtype>
                <left>0</left>
                <top>30</top>
                <width>1900</width>
                <height>1000</height>
                <onup>2000</onup>
                <ondown>2000</ondown>
                <scrolltime tween="sine">400</scrolltime>
                <orientation>Vertical</orientation>
                <itemlayout height="30" width="350">
                    <control type="label">
                        <description>Number</description>
                        <left>0</left>
                        <width>60</width>
                        <height>20</height>
                        <font>font12</font>
                        <textcolor>white</textcolor>
                        <align>left</align>
                        <aligny>center</aligny>
                        <label>[B]$INFO[ListItem.Property(cinemagia.number)].[/B]</label>
                        <visible>!String.IsEmpty(ListItem.Property(cinemagia.number))</visible>
                    </control>
                    <control type="image">
                        <aspectratio align="center" aligny="center">keep</aspectratio>
                        <left>60</left>
                        <top>0</top>
                        <width>20</width>
                        <height>20</height>
                        <texture background="true">$INFO[ListItem.Property(cinemagia.type)]</texture>
                    </control>
                    <control type="label">
                        <description>Line1 link name</description>
                        <left>80</left>-
                        <width>300</width>
                        <height>20</height>
                        <font>font12</font>
                        <textcolor>white</textcolor>
                        <align>left</align>
                        <aligny>center</aligny>
                        <label>[B]$INFO[ListItem.Property(cinemagia.name)][/B]</label>
                    </control>
                </itemlayout>
                <focusedlayout height="30" width="350">
                    <control type="label">
                        <description>Number</description>
                        <left>0</left>
                        <width>60</width>
                        <height>20</height>
                        <font>font12</font>
                        <textcolor>white</textcolor>
                        <align>left</align>
                        <aligny>center</aligny>
                        <label>[B]$INFO[ListItem.Property(cinemagia.number)].[/B]</label>
                        <visible>!String.IsEmpty(ListItem.Property(cinemagia.number))</visible>
                    </control>
                    <control type="image">
                        <aspectratio align="center" aligny="center">keep</aspectratio>
                        <left>60</left>
                        <top>0</top>
                        <width>20</width>
                        <height>20</height>
                        <texture background="true">$INFO[ListItem.Property(cinemagia.type)]</texture>
                    </control>
                    <control type="label">
                        <description>Line1 link name</description>
                        <left>80</left>-
                        <width>300</width>
                        <height>20</height>
                        <font>font12</font>
                        <textcolor>gray</textcolor>
                        <align>left</align>
                        <aligny>center</aligny>
                        <label>[B]$INFO[ListItem.Property(cinemagia.name)][/B]</label>
                    </control>
                </focusedlayout>
            </control>
            <control type="label">
                <description>Pagination</description>
                <left>30</left>
                <top>1040</top>
                <width>600</width>
                <height>20</height>
                <font>font12</font>
                <textcolor>yellow</textcolor>
                <align>left</align>
                <aligny>bottom</aligny>
                <label>Total Items: $INFO[Window().Property(cinemagia.total_items)] $INFO[Container(2003).CurrentPage, ( Page ]$INFO[Container(2003).NumPages,/, )]</label>
            </control>
            <control type="label">
                <description>Pagination</description>
                <left>600</left>
                <top>1040</top>
                <width>600</width>
                <height>20</height>
                <font>font12</font>
                <textcolor>yellow</textcolor>
                <align>left</align>
                <aligny>bottom</aligny>
                <label>Activated Items: $INFO[Window().Property(cinemagia.activated_items)]</label>
            </control>
        </control>
    </controls>
</window>
