<?xml version="1.0" encoding="UTF-8" standalone="yes"?>
<addon id="plugin.program.horoscope" name="Horoscope" version="0.0.8" provider-name="Slam">
	<requires>
		<import addon="xbmc.python" version="3.0.0"/>
		<import addon="script.module.requests"/>
		<import addon="script.module.beautifulsoup4"/>
	</requires>
	<extension point="xbmc.python.pluginsource" library="default.py">
		<provides>executable</provides>
	</extension>
	<extension point="xbmc.service" library="service.py" />
	<extension point="xbmc.addon.metadata">
		<summary lang="en_GB">Horoscope</summary>
		<description lang="en_GB">Horoscope</description>
		<platform>all</platform>
		<license>GPL-3.0-or-later</license>
		<website></website>
		<source></source>
		<assets>
			<icon>icon.png</icon>
			<fanart>fanart.jpg</fanart>
		</assets>
	</extension>
</addon>