<?xml version="1.0" encoding="UTF-8" standalone="yes"?>
<addon id="repository.World" name="[COLORsienna]World Repository[/COLOR]" version="0.1.1" provider-name="World">
	<extension point="xbmc.addon.repository" name="World Repository">
		<info compressed="false">https://raw.githubusercontent.com/akeotaseo/world_repo/main/addons.xml</info>
		<checksum>https://raw.githubusercontent.com/akeotaseo/world_repo/main/addons.xml.md5</checksum>
		<datadir zip="true">https://raw.githubusercontent.com/akeotaseo/world_repo/main/</datadir>
	</extension>
	<extension point="xbmc.addon.metadata">
		<summary>World Repository</summary>
		<description>World Build Repo</description>
		<platform>all</platform>
		<assets>
			<icon>icon.png</icon>
			<fanart>fanart.jpg</fanart>
		</assets>
	</extension>
</addon>
