<?xml version="1.0" encoding="UTF-8" standalone="yes"?>
<addon id="repository.al8ina" name="Bee Queen" version="1.0.2" provider-name="ASistem">
    <extension point="xbmc.addon.repository" name="Bee Queen Repository">
        <dir>
            <info compressed="false">https://raw.githubusercontent.com/audiosistem/Bee-Queen/master/addons.xml</info>
            <checksum>https://raw.githubusercontent.com/audiosistem/Bee-Queen/master/addons.xml.md5</checksum>
            <datadir zip="true">https://raw.githubusercontent.com/audiosistem/Bee-Queen/master/zips/</datadir>
        </dir>
    </extension>
    <extension point="xbmc.addon.metadata">
        <summary>Bee Queen Repository</summary>
        <description>4install build Al8inA</description>
        <platform>all</platform>
        <assets>
            <icon>icon.png</icon>
            <fanart>fanart.jpg</fanart>
        </assets>
    </extension>
</addon>