{
    "items": [
        {
            "content": "movie",
            "imdb": "tt0293429",
            "link": [
                "https://rapidgator.net/file/94e3d192fa6246bac20a3ea25c6bc9fc(1080 Link 1)",
                "https://1fichier.com/?jlsl5kp17a89cvkwzeuu(1080 Link 2)"
            ],
            "thumbnail": "https://www.themoviedb.org/t/p/w1280/dZa00JxrwBL2oePDqcwwlJfM8qJ.jpg",
            "title": "[COLORorange]Venom: Let There Be Carnage (2021)[/COLOR] (Links in)",
            "type": "item",
            "year": "2021"
        },
      {
            "type": "item",
            "title": "The Ice Age Adventures of Buck Wild",
            "link": "search", 
            "year": "2022",
            "content": "movie",
            "imdb_id": "tt13634480" ,
            "summary": "Scraper Test"
        }, 
      {
            "type": "item",
            "title": "Ghostbusters : Afterlife",
            "link": "search", 
            "year": "2021",
            "content": "movie",
            "imdb_id": "tt4513678" ,
            "summary": "Scraper Test"
        }, 
        {
            "content": "movie",
            "imdb_id": "tt1998389",
            "link": "search", 
            "year": "2021",
            "thumbnail": "https://i.imgaa.com/2021/01/05/5ff3fadf915e1507063142.jpg",
            "title": "[COLOR=white]AMERICAN DREAM (2021)[/COLOR]",
            "type": "item",
            "year": "2021"
        },
        {
            "content": "movie",
            "imdb_id": "tt0993840",
            "link": "search", 
            "year": "2021",
            "thumbnail": "https://www.themoviedb.org/t/p/original/7FAOj0CRWF4ghCzHZSsXVsw5kPa.jpg",
            "title": "[COLOR=white]ARMY OF THE DEAD (2021)[/COLOR]",
            "type": "item",
            "year": "2021"
        },
        {
            "content": "movie",
            "imdb_id": "tt12885852",
            "link": "search", 
            "year": "2021",
            "thumbnail": "https://nsa40.casimages.com/img/2021/01/12/210112015630339859.jpg",
            "title": "[COLOR=white]BATMAN: SOUL OF THE DRAGON (2021)[/COLOR]",
            "type": "item",
            "year": "2021"
        },
        {
            "content": "movie",
            "imdb_id": "tt10333426",
            "link": "search", 
            "year": "2021",
            "thumbnail": "https://www.themoviedb.org/t/p/original/2qOyrIFOwT4oxTmOyg6Fqvs40eK.jpg",
            "title": "[COLOR=white]BLISS (2021)[/COLOR]",
            "type": "item",
            "year": "2021"
        },
        {
            "content": "movie",
            "imdb_id": "tt9130508",
            "link": "search", 
            "year": "2021",
            "thumbnail": "https://nsa40.casimages.com/img/2021/03/12/210312062129430975.png",
            "title": "[COLOR=white]CHERRY (2021)[/COLOR]",
            "type": "item",
            "year": "2021"
        },
        {
            "content": "movie",
            "imdb_id": "tt6802400",
            "link": "search", 
            "year": "2021",
            "thumbnail": "https://i.imgaa.com/2021/03/05/60417865183c1691838140.jpg",
            "title": "[COLOR=white]COMING 2 AMERICA (2021)[/COLOR]",
            "type": "item",
            "year": "2021"
        },
        {
            "content": "movie",
            "imdb_id": "tt3228774",
            "link": "search", 
            "year": "2021",
            "thumbnail": "https://www.themoviedb.org/t/p/original/eZGTHXup6fB5gjQgak7SLJfo01p.jpg",
            "title": "[COLOR=white]CRUELLA (2021)[/COLOR]",
            "type": "item",
            "year": "2021"
        },
        {
            "content": "movie",
            "imdb_id": "tt4733624",
            "link": "search", 
            "year": "2021",
            "thumbnail": "https://www.themoviedb.org/t/p/original/Jabww5OzSZrTyovwSYQ5UAzSyQ.jpg",
            "title": "[COLORwhite]FATHERHOOD (2021)[/COLOR]",
            "type": "item",
            "year": "2021"
        },
        {
            "content": "movie",
            "imdb_id": "tt10037014",
            "link": "search", 
            "year": "2021",
            "thumbnail": "https://www.themoviedb.org/t/p/original/S1YN6g8C5sEERaqugTZPjIcVtr.jpg",
            "title": "[COLOR=white]FEAR OF RAIN (2021)[/COLOR]",
            "type": "item",
            "year": "2021"
        },
        {
            "content": "movie",
            "imdb_id": "tt10332588",
            "link": "search", 
            "year": "2021",
            "thumbnail": "https://www.whats-on-netflix.com/wp-content/uploads/2021/01/netflix-family-adventure-finding-ohana-plot-cast-trailer-and-netflix-release-date-poster.png",
            "title": "[COLOR=white]FINDING 'OHANA (2021)[/COLOR]",
            "type": "item",
            "year": "2021"
        },
        {
            "content": "movie",
            "imdb_id": "tt11337862",
            "link": "search", 
            "year": "2021",
            "thumbnail": "https://i.imgaa.com/2021/05/27/60af6e62a939c590272798.jpg",
            "title": "[COLOR=white]FRIENDS: THE REUNION (2021)[/COLOR]",
            "type": "item",
            "year": "2021"
        },
        {
            "content": "movie",
            "imdb_id": "tt5034838",
            "link": "search", 
            "year": "2021",
            "thumbnail": "https://www.themoviedb.org/t/p/original/wrwqhLGMwx9AtwhgFHSnwC8z3xs.jpg",
            "title": "[COLOR=white]GODZILLA VS. KONG (2021)[/COLOR]",
            "type": "item",
            "year": "2021"
        },
        {
            "content": "movie",
            "imdb_id": "tt6654210",
            "link": "search", 
            "year": "2021",
            "thumbnail": "https://pbs.twimg.com/media/E3N60gyXwAIDHIV.jpg",
            "title": "[COLOR=white]INFINITE (2021)[/COLOR]",
            "type": "item",
            "year": "2021"
        },
        {
            "content": "movie",
            "imdb_id": "tt1321510",
            "link": "search", 
            "year": "2021",
            "thumbnail": "https://pbs.twimg.com/media/E0STexrVUAsHi85.jpg:large",
            "title": "[COLOR=white]IN THE HEIGHTS (2021)[/COLOR]",
            "type": "item",
            "year": "2021"
        },
        {
            "content": "movie",
            "imdb_id": "tt13061914",
            "link": "search", 
            "year": "2021",
            "thumbnail": "https://i.imgaa.com/2021/01/14/60000a578c56d291441632.jpg",
            "title": "[COLOR=white]LOCKED DOWN (2021)[/COLOR]",
            "type": "item",
            "year": "2021"
        },
        {
            "content": "movie",
            "imdb_id": "tt12801262",
            "link": "search", 
            "year": "2021",
            "thumbnail": "https://www.themoviedb.org/t/p/original/mhBqE5bFTECo3R8J2VYKB0DQwMK.jpg",
            "title": "[COLORwhite]LUCA (2021)[/COLOR]",
            "type": "item",
            "year": "2021"
        },
        {
            "content": "movie",
            "imdb_id": "tt0293429",
            "link": "search", 
            "year": "2021",
            "thumbnail": "https://i.imgaa.com/2021/04/16/6079c983069f4602796356.jpg",
            "title": "[COLOR=white]MORTAL KOMBAT (2021)[/COLOR]",
            "type": "item",
            "year": "2021"
        },
        {
            "content": "movie",
            "imdb_id": "tt7888964",
            "link": "search", 
            "year": "2021",
            "thumbnail": "https://i.imgaa.com/2021/04/07/606df3a25cfd0056960260.jpg",
            "title": "[COLOR=white]NOBODY (2021)[/COLOR]",
            "type": "item",
            "year": "2021"
        },
        {
            "content": "movie",
            "imdb_id": "tt6857376",
            "link": "search", 
            "year": "2021",
            "thumbnail": "https://m.media-amazon.com/images/M/MV5BYTZhNzM4MDktYWUwMC00NTE1LTlkN2UtM2Y5ODIwYjZmNTA2XkEyXkFqcGdeQXVyMDM2NDM2MQ@@._V1_.jpg",
            "title": "[COLOR=white]PALMER (2021)[/COLOR]",
            "type": "item",
            "year": "2021"
        },
        {
            "content": "movie",
            "imdb_id": "tt4439620",
            "link": "search", 
            "year": "2021",
            "thumbnail": "https://i.imgaa.com/2021/01/10/5ffb5566c473b378315778.jpg",
            "title": "[COLOR=white]REDEMPTION DAY (2021)[/COLOR]",
            "type": "item",
            "year": "2021"
        },
        {
            "content": "movie",
            "imdb_id": "tt2235372",
            "link": "search", 
            "year": "2021",
            "thumbnail": "https://www.themoviedb.org/t/p/original/gXVo9o9ho2Cn66ggzE6Ew8bPhtN.jpg",
            "title": "[COLOR=white]SON OF THE SOUTH (2021)[/COLOR]",
            "type": "item",
            "year": "2021"
        },
        {
            "content": "movie",
            "imdb_id": "tt10342730",
            "link": "search", 
            "year": "2021",
            "thumbnail": "https://m.media-amazon.com/images/M/MV5BZjI4ZWQwYzctMGJlMi00OTE1LWFkNjMtY2VlOGQxZmVhNDYyXkEyXkFqcGdeQXVyMjMxOTE0ODA@._V1_.jpg",
            "title": "[COLOR=white]SPIRAL (2021)[/COLOR]",
            "type": "item",
            "year": "2021"
        },
        {
            "content": "movie",
            "imdb_id": "tt7069210",
            "link": "search", 
            "year": "2021",
            "thumbnail": "https://i.imgur.com/SFKNJHG.jpg",
            "title": "[COLOR=white]THE CONJURING: THE DEVIL MADE ME DO IT (2021)[/COLOR]",
            "type": "item",
            "year": "2021"
        },
        {
            "content": "movie",
            "imdb_id": "tt8368512",
            "link": "search", 
            "year": "2021",
            "thumbnail": "https://i.imgaa.com/2021/03/22/60589ffee2583981155192.jpg",
            "title": "[COLOR=white]THE COURIER (2021)[/COLOR]",
            "type": "item",
            "year": "2021"
        },
        {
            "content": "movie",
            "imdb_id": "tt3661210",
            "link": "search", 
            "year": "2021",
            "thumbnail": "https://m.media-amazon.com/images/M/MV5BY2RmZmI0NDMtMGQzOC00YWU3LTkwYWUtMDRkNDBjZDg3YTkyXkEyXkFqcGdeQXVyMTEyMjM2NDc2._V1_.jpg",
            "title": "[COLOR=white]THE DIG (2021)[/COLOR]",
            "type": "item",
            "year": "2021"
        },
        {
            "content": "movie",
            "imdb_id": "tt10016180",
            "link": "search", 
            "year": "2021",
            "thumbnail": "https://mediad.publicbroadcasting.net/p/wclk/files/styles/x_large/public/202012/TLT_VERT_MAIN_2764x4096_DOM.jpg",
            "title": "[COLOR=white]THE LITTLE THINGS (2021)[/COLOR]",
            "type": "item",
            "year": "2021"
        },
        {
            "content": "movie",
            "imdb_id": "tt4761112",
            "link": "search", 
            "year": "2021",
            "thumbnail": "https://i.imgaa.com/2021/02/21/6031a7e39955f534586808.jpg",
            "title": "[COLOR=white]THE MAURITANIAN (2021)[/COLOR]",
            "type": "item",
            "year": "2021"
        },
        {
            "content": "movie",
            "imdb_id": "tt4876134",
            "link": "search", 
            "year": "2021",
            "thumbnail": "https://nsa40.casimages.com/img/2021/06/08/210608055433642209.jpg",
            "title": "[COLOR=white]THE MISFITS (2021)[/COLOR]",
            "type": "item",
            "year": "2021"
        },
        {
            "content": "movie",
            "imdb_id": "tt7979580",
            "link": "search", 
            "year": "2021",
            "thumbnail": "https://i.imgur.com/d95Cgnw.jpg",
            "title": "[COLOR=white]THE MITCHELLS VS. THE MACHINES (2021)[/COLOR]",
            "type": "item",
            "year": "2021"
        },
        {
            "content": "movie",
            "imdb_id": "tt9419056",
            "link": "search", 
            "year": "2021",
            "thumbnail": "https://www.themoviedb.org/t/p/original/avlnCwnfhwtk8DfsBWbrUxFmUHw.jpg",
            "title": "[COLOR=white]THE UNHOLY (2021)[/COLOR]",
            "type": "item",
            "year": "2021"
        },
        {
            "content": "movie",
            "imdb_id": "tt3215824",
            "link": "search", 
            "year": "2021",
            "thumbnail": "https://www.themoviedb.org/t/p/original/ujtHi29qjTqhv4w5Elqe6CiDKSH.jpg",
            "title": "[COLOR=white]THOSE WHO WISH ME DEAD (2021)[/COLOR]",
            "type": "item",
            "year": "2021"
        },
        {
            "content": "movie",
            "imdb_id": "tt10121392",
            "link": "search", 
            "year": "2021",
            "thumbnail": "https://i.imgaa.com/2021/04/09/606fff521fcb3341660316.jpg",
            "title": "[COLOR=white]THUNDER FORCE (2021)[/COLOR]",
            "type": "item",
            "year": "2021"
        },
        {
            "content": "movie",
            "imdb_id": "tt1361336",
            "link": "search", 
            "year": "2021",
            "thumbnail": "https://nsa40.casimages.com/img/2021/02/26/21022606213980727.jpg",
            "title": "[COLOR=white]TOM AND JERRY (2021)[/COLOR]",
            "type": "item",
            "year": "2021"
        },
        {
            "content": "movie",
            "imdb_id": "tt10077034",
            "link": "search", 
            "year": "2021",
            "thumbnail": "https://www.themoviedb.org/t/p/original/1b0N6VghD3sgm2ubRengPYDujeD.jpg",
            "title": "[COLOR=white]TWIST (2021)[/COLOR]",
            "type": "item",
            "year": "2021"
        },
        {
            "content": "movie",
            "imdb_id": "tt5932368",
            "link": "search", 
            "year": "2021",
            "thumbnail": "https://www.themoviedb.org/t/p/original/48T2OXIrmYuKgaRmxF3CcZEwM4T.jpg",
            "title": "[COLOR=white]VANQUISH (2021)[/COLOR]",
            "type": "item",
            "year": "2021"
        },
        {
            "content": "movie",
            "imdb_id": "tt0499097",
            "link": "search", 
            "year": "2021",
            "thumbnail": "https://nsa40.casimages.com/img/2021/04/30/210430025002329016.jpg",
            "title": "[COLOR=white]WITHOUT REMORSE (2021)[/COLOR]",
            "type": "item",
            "year": "2021"
        },
        {
            "content": "movie",
            "imdb_id": "tt11083552",
            "link": "search", 
            "year": "2021",
            "thumbnail": "https://www.themoviedb.org/t/p/original/lFstZfrYOzHxEz8LweKCz5o2U4Y.jpg",
            "title": "[COLOR=white]WRATH OF MAN (2021)[/COLOR]",
            "type": "item",
            "year": "2021"
        }
    ]
}