{
 "name"         : "[COLORlime]MRSP[/COLOR][COLORlime]only torr.[/COLOR]",
 "repository"   : "repository.sarsaila",
 "plugin"       : "plugin.video.romanianpack",
 "priority"     : 200,
 "id"           : "MRSP",
 "filters"      : {},
 "postprocess"  : "",
 "movies"       : [
  [
   {
    "link"      : "plugin://plugin.video.romanianpack/?action=searchSites&searchSites=cuvant&cuvant={title}",
    "steps"     : ["(.*)"],
    "action"    : "PLAY"
   }
  ]
 ],
 "tvshows"      : [
  [
   {
    "link"      : "plugin://plugin.video.romanianpack/?action=searchSites&searchSites=cuvant&cuvant={showname}",
    "steps"     : ["(.*)"],
    "action"    : "PLAY"
   }
  ]
 ],
 "musicvideos"  : [],
 "music"        : [],
 "live"         : []
}
