{
    "name" : "[COLORgold]Odin[/COLOR]",
    "plugin" : "plugin.video.odin",
    "priority" : 500,
    "play_movie" : "plugin://plugin.video.odin/?mode=get_sources&url=%3Citem%3E%0A%09%3Ctitle%3E{title_+}+%28{year}%29%3C%2Ftitle%3E%0A%09%3Cmeta%3E%0A%09%09%3Ccontent%3Emovie%3C%2Fcontent%3E%0A%09%09%3Cimdb%3E{imdb}%3C%2Fimdb%3E%0A%09%09%3Ctitle%3E{title_+}%3C%2Ftitle%3E%0A%09%09%3Cyear%3E{year}%3C%2Fyear%3E%0A%09%3C%2Fmeta%3E%0A%09%3Clink%3E%0A%09%09%3Csublink%3Esearch%3C%2Fsublink%3E%0A%09%09%3Csublink%3Esearchsd%3C%2Fsublink%3E%0A%09%3C%2Flink%3E%0A%09%3Cthumbnail%3E{poster}%3C%2Fthumbnail%3E%0A%09%3Cfanart%3E{fanart}%3C%2Ffanart%3E%0A%3C%2Fitem%3E&name={title_+}+%28{year}%29&iconimage={poster}&fanart={fanart}&description={plot_+}",
    "play_episode" : "plugin://plugin.video.odin/?mode=get_sources&url=%3Citem%3E%0A%09%3Ctitle%3E{clearname_+}+S{season:02d}E{episode:02d}+-+{title_+}%3C%2Ftitle%3E%0A%09%3Cmeta%3E%0A%09%09%3Ccontent%3Eepisode%3C%2Fcontent%3E%0A%09%09%3Cimdb%3E{imdb}%3C%2Fimdb%3E%0A%09%09%3Ctvdb%3E{tvdb}%3C%2Ftvdb%3E%0A%09%09%3Ctvshowtitle%3E{clearname_+}%3C%2Ftvshowtitle%3E%0A%09%09%3Cyear%3E{year}%3C%2Fyear%3E%0A%09%09%3Ctitle%3E{title_+}%3C%2Ftitle%3E%0A%09%09%3Cpremiered%3E{firstaired}%3C%2Fpremiered%3E%0A%09%09%3Cseason%3E{season}%3C%2Fseason%3E%0A%09%09%3Cepisode%3E{episode}%3C%2Fepisode%3E%0A%09%09%3Cthumbnail%3E{thumbnail}%3C%2Fthumbnail%3E%0A%09%09%3C%2Fmeta%3E%0A%09%3Clink%3E%0A%09%09%3Csublink%3Esearch%3C%2Fsublink%3E%0A%09%09%3Csublink%3Esearchsd%3C%2Fsublink%3E%0A%09%3C%2Flink%3E%0A%3C%2Fitem%3E&name={clearname_+}+S{season:02d}E{episode:02d}+-+{title_+}&iconimage={thumbnail}&fanart={fanart}&description={plot_+}"
}
