<?xml version="1.0" encoding="UTF-8" standalone="yes"?>
<addon id="plugin.video.RomYOU19" name="[COLOR white]Rom[/COLOR][COLOR red][B]YOU19[/B][/COLOR]" version="3.3.7" provider-name="Romy">
  <requires>
    <import addon="xbmc.python" version="3.0.0" />
    <import addon="script.module.requests" />
    <import addon="script.module.routing"/>
    <import addon="script.module.unidecode" />
    <import addon="script.module.inputstreamhelper" />
    <import addon="script.module.resolveurl"/>
    <import addon="script.module.microjenscrapers" />
    <import addon="script.module.grs"/>
  </requires>
  <extension point="xbmc.python.pluginsource" library="default.py">
    <provides>video</provides>
  </extension>
  <extension point="xbmc.addon.metadata">
    <summary lang="en_GB">[COLOR white]Colectie de canale si playlist-uri de pe[/COLOR] [COLOR red][B]YOUTUBE[/B][/COLOR][COLOR white].[/COLOR]</summary>
	<description lang="en">[COLOR white][B]Nu este nevoie de configurare plugin[/B][/COLOR] [COLOR red][B]YOUTUBE[/B][/COLOR] [COLOR white][B]cu[/B][/COLOR] [COLOR red][B]API Keys[/B][/COLOR] [COLOR white][B]pentru vizionare! [/B][/COLOR]</description>
    <platform>all</platform>
    <language>en</language>
    <license>GPL-2.0-or-later</license>
    <assets>
        <icon>icon.png</icon>
        <fanart>fanart.jpg</fanart>
  </assets>
  </extension>
</addon>