<?xml version="1.0" encoding="UTF-8" standalone="yes"?>
<window>

    <coordinates>
        <system>1</system>
        <posx>0</posx>
        <posy>0</posy>
     </coordinates>
 	<animation effect="fade" time="200">WindowOpen</animation>
    <animation effect="fade" time="200">WindowClose</animation> 
	
    <controls>
		<control type="image">
					<description>Background image</description>
					<posx>0</posx>
					<posy>0</posy>
					<width>100%</width>
					<height>100%</height>
					<colordiffuse>CC000000</colordiffuse>
					<texture background="false">fanart-fox-gold-final.png</texture>   
				<visible>!Player.Playing</visible>				
		</control>
		
		<control type="group" id="5000">
		    <posx>0</posx>
			<posy>0</posy> 
			
			
			<control type="image">
				<description>Background image</description>
				<posx>0</posx>
				<posy>0</posy>
				<texture>DialogBack.png</texture>    
				<visible>false</visible>				
			</control>
			<control type="label" id="6001">
						<posx>1590</posx>
						<posy>10</posy>
						<width>1280</width>
						<height>38</height>
						<font>font-28</font>
						
						<aligny>center</aligny>		    
						<align>left</align>
						<visible>false</visible>	
						
			</control>
			<control type="image" id="101"><!--side poster-->
                <left>1310</left>
                <top>60</top>
                <width>600</width>
                <height>600</height>
				<visible>false</visible>
            </control>
			
			<control type="image" id="102">
				<description>hour image</description>
				<posx>1340</posx>
				<posy>620</posy>
				<width>80</width>
				<height>80</height>
				<visible>false</visible>
				<!-- <texture border="20">hour.gif</texture>        -->
			</control>
			<control type="label" id="505">
						<posx>1600</posx>
						<posy>1000</posy>
						<width>1280</width>
						<height>38</height>
						<font>font-30</font>
						<textcolor>lime</textcolor>
						<aligny>center</aligny>		    
						<align>left</align>
						<visible>false</visible>
						<label></label>
			</control>
			<control type="textbox" id="2">
			   <description>My first text box control</description>
				   <left>1310</left>
				   <top>660</top>
				   <width>595</width>
				   <height>250</height>
				   <visible>false</visible>
				   <colordiffuse>FFFFFFFF</colordiffuse>
				   <font>font-24</font>
				   
				   <textcolor>FFFFFFFF</textcolor>
				   <pulseonselect></pulseonselect>
				   
				   <scrolltime>1500</scrolltime>
				   <autoscroll delay="3000" time="1000" repeat="10000">!Control.HasFocus(13)</autoscroll>
				   <label>Loading..</label>
				   <align>left</align>
			</control>
			<control type="label" id="999">
						<posx>1310</posx>
						<posy>920</posy>
						<width>1280</width>
						<height>38</height>
						<font>font-24</font>
						<textcolor>lime</textcolor>
						<aligny>center</aligny>		    
						<align>left</align>
						<label>Results here..</label>
						<label></label>
						<visible>false</visible>
			</control>
			<control type="label" id="888">
						<posx>1310</posx>
						<posy>960</posy>
						<width>1280</width>
						<height>38</height>
						<font>font-24</font>
						<textcolor>lime</textcolor>
						<aligny>center</aligny>		    
						<align>left</align>
						<label>Results here..</label>
						<label></label>
						<visible>false</visible>
			</control>
			
			<control type="label" id="777">
						<posx>1310</posx>
						<posy>1005</posy>
						<width>1280</width>
						<height>60</height>
						<font>font-24</font>
						<textcolor>lime</textcolor>
						<aligny>center</aligny>		    
						<align>left</align>
						<label>Results here..</label>
						<label></label>
						<visible>false</visible>
			</control>
			
			<control type="label" id="606">
						<posx>0</posx>
						<posy>0</posy>
						<width>1280</width>
						<height>38</height>
						<font>font-24</font>
						<textcolor>lime</textcolor>
						<aligny>center</aligny>		    
						<align>left</align>
						<visible>false</visible>
						<label></label>
			</control>
			
			<control type="label" id="303">
						<posx>1600</posx>
						<posy>1000</posy>
						<width>1280</width>
						<height>38</height>
						<font>font-40</font>
						<textcolor>lime</textcolor>
						<aligny>center</aligny>		    
						<align>left</align>
						<visible>false</visible>
						<label></label>
			</control>
			
			
			
			
			<control type="image">
					<description>Background image</description>
					<posx>0</posx>
					<posy>0</posy>
					<width>100%</width>
					<height>100%</height>
					<colordiffuse>efffffff</colordiffuse>
					<texture background="true">fanart-fox-gold-final.png</texture>   
					
					
					
					<visible>true</visible>	
				<!-- <visible>!Player.Playing</visible>				 -->
			</control>
			<control type="image" id="5001">
				<description>Background image</description>
				<posx>0</posx>
				<posy>-50</posy>
				<width>100%</width>
				<height>100%</height>
				<colordiffuse>6fffffff</colordiffuse> 
				<animation effect="zoom" start="50" end="220" time="60000" tween="sine" easing="inout" center="800,500" condition="true" loop="true">Conditional</animation>
				<animation effect="zoom" start="220" end="50" time="60000" tween="sine" easing="inout" center="800,300" condition="true" loop="true">Conditional</animation>
				
				
				
				
						
				<visible>true</visible>	
			</control>
			

			
			<control type="image" id="3003"><!--Banner-->
					<posx>0</posx>
					<posy>0</posy>
					<align>center</align>
					<width>100%</width>
					<height>100</height>
					
					
					<visible>true</visible>
				</control>
			
			
			
			

			<control type="list" id="3000">
				<description>List to hold 'buttons'</description>
				<posx>00</posx>
				<posy>100</posy>
				<width>2200</width>
				<height>1128</height>
				<onright>105</onright>
				<onleft>3001</onleft>  
				<pagecontrol>105</pagecontrol>
				<itemlayout width="2200" height="200" >    
					
						<control type="image">
							<posx>0</posx>
							<posy>0</posy>
							<width>1950</width>
							<height>200</height>
							<texture border="5">button-nofocus.png</texture>
						</control>
						<control type="image">
							<posx>20</posx>
							<posy>20</posy>
							<width>150</width>
							<height>150</height>
							<visible>String.IsEqual(ListItem.Property(collection),yes)</visible>
							
							<texture background="true">$INFO[ListItem.Property(image_collection)]</texture>
										
						</control>
						
						<control type="image">
							<posx>20</posx>
							<posy>20</posy>
							<width>100</width>
							<height>100</height>
							<visible>String.IsEqual(ListItem.Property(Quality),4k)</visible>
							<texture>4k.png</texture>
							<!--<animation effect="rotatex" start="0" end="360" delay="0" center="0,0" tween="sine" time="750" condition="Container.Row(0)" loop="false">Conditional</animation>-->
							
							
							
										
						</control>
						
						<control type="image">
							<posx>20</posx>
							<posy>20</posy>
							<width>100</width>
							<height>100</height>
							<visible>String.IsEqual(ListItem.Property(Quality),1080)</visible>
							<texture>1080.png</texture>
							
										
						</control>
						
						<control type="image">
							<posx>20</posx>
							<posy>20</posy>
							<width>100</width>
							<height>100</height>
							<visible>String.IsEqual(ListItem.Property(Quality),720)</visible>
							<texture>720.png</texture>
							
										
						</control>
						<control type="image">
							<posx>20</posx>
							<posy>20</posy>
							<width>100</width>
							<height>100</height>
							<visible>String.IsEqual(ListItem.Property(Quality),480)</visible>
							<texture>480.png</texture>
							
										
						</control>
						<control type="image">
							<posx>20</posx>
							<posy>20</posy>
							<width>100</width>
							<height>100</height>
							<visible>String.IsEqual(ListItem.Property(Quality),360)</visible>
							<texture>360.png</texture>
							
										
						</control>
						<control type="image">
							<posx>20</posx>
							<posy>20</posy>
							<width>100</width>
							<height>100</height>
							<visible>String.IsEqual(ListItem.Property(Quality),unk)</visible>
							<texture>unk.png</texture>
							
										
						</control>
						
						
						
						
					   <control type="label">
							
							<posx>20</posx>
							<posy>120</posy>
							<width>1130</width>
							<height>38</height>
							<font>font-24</font>
				
							<textcolor>snow</textcolor>
							<aligny>center</aligny>		    
							<align>left</align>
							<info>ListItem.Label</info>
						</control>
					<!-- [server/] -->
	<!-- 				  <control type="image">
							<posx>960</posx>
							<posy>40</posy>
							<width>50</width>
							<height>50</height>
							<visible>String.IsEqual(ListItem.Property(server_v),100)</visible>
							<texture>server.png</texture>
							
										
						</control> -->
					   <control type="label">
							<posx>1010</posx>
							<posy>10</posy>
							<width>1280</width>
							<height>38</height>
							<font>font-24</font>
							<textcolor>FF999999</textcolor>
							<aligny>center</aligny>		    
							<align>left</align>
							<visible>String.IsEqual(ListItem.Property(server_v),100)</visible>
							<info>ListItem.Property(server)</info>
					   </control>
					   
					   <!-- [pre/] -->
					   <!-- [pre/] -->
					   
					   <control type="label">
							<posx>135</posx>
							<posy>20</posy>
							<width>1280</width>
							<height>38</height>
							<font>font-24</font>
							<textcolor>FF999999</textcolor>
							<aligny>center</aligny>		    
							<align>left</align>
							<visible>String.IsEqual(ListItem.Property(server_v),100)</visible>
							<info>ListItem.Property(pre)</info>
					   </control>
									   <!-- [supply/] -->
					   
					   <control type="label">
							<posx>220</posx>
							<posy>20</posy>
							<width>1600</width>
							<height>138</height>
							<font>font-25</font>
							<scrollspeed>20</scrollspeed>
							<textcolor>FF999999</textcolor>
							<aligny>center</aligny>		    
							<align>left</align>
							<info>ListItem.Property(supply)</info>
					   </control>
						
					   <control type="label">
							<posx>1650</posx>
							<posy>80</posy>
							<width>220</width>
							<height>38</height>
							<font>font-25</font>
							<textcolor>FF999999</textcolor>
							<aligny>center</aligny>		    
							<align>center</align>
							<visible>String.IsEqual(ListItem.Property(server_v),100)</visible>
							<info>ListItem.Property(size)</info>
					   </control>
				   
				  
			   </itemlayout>
	
			   <focusedlayout width="2200" height="200">
					<control type="group">
						  
					
						<control type="image">
							<visible>Control.HasFocus(3000)</visible>
							<posx>-20</posx>
							<posy>0</posy>
							<width>1950</width>
							<height>200</height>                                        
							<texture>button.png</texture>
					<colordiffuse>55FFFFFF</colordiffuse> -->
						</control>
						<control type="image">
							<posx>20</posx>
							<posy>20</posy>
							<width>150</width>
							<height>150</height>
							<visible>String.IsEqual(ListItem.Property(collection),yes)</visible>
							
							<texture background="true">$INFO[ListItem.Property(image_collection)]</texture>
										
						</control>
						<control type="image">
							<posx>20</posx>
							<posy>20</posy>
							<width>100</width>
							<height>100</height>
							<visible>String.IsEqual(ListItem.Property(Quality),4k)</visible>
							<texture>4k.png</texture>
							<animation type="Conditional" reversible="false" condition="!Container(3000).OnNext + !Container(3000).OnPrevious">
							
								<effect type="rotatex" start="0" end="360" center="80,0" time="800" loop="true" reversible="true"/>
								
								
							</animation>
										
						</control>
						
						<control type="image">
							<posx>20</posx>
							<posy>20</posy>
							<width>100</width>
							<height>100</height>
							<visible>String.IsEqual(ListItem.Property(Quality),1080)</visible>
							<texture>1080.png</texture>
							<animation type="Conditional" reversible="false" condition="!Container(3000).OnNext + !Container(3000).OnPrevious">
							
								<effect type="rotatex" start="0" end="360" center="80,0" time="800" loop="true" reversible="true"/>
								
								
							</animation>
										
						</control>
						
						<control type="image">
							<posx>20</posx>
							<posy>20</posy>
							<width>100</width>
							<height>100</height>
							<visible>String.IsEqual(ListItem.Property(Quality),720)</visible>
							<texture>720.png</texture>
							<animation type="Conditional" reversible="false" condition="!Container(3000).OnNext + !Container(3000).OnPrevious">
							
								<effect type="rotatex" start="0" end="360" center="80,0" time="800" loop="true" reversible="true"/>
								
								
							</animation>
										
						</control>
						<control type="image">
							<posx>20</posx>
							<posy>20</posy>
							<width>100</width>
							<height>100</height>
							<visible>String.IsEqual(ListItem.Property(Quality),480)</visible>
							<texture>480.png</texture>
							<animation type="Conditional" reversible="false" condition="!Container(3000).OnNext + !Container(3000).OnPrevious">
							
								<effect type="rotatex" start="0" end="360" center="80,0" time="800" loop="true" reversible="true"/>
								
								
							</animation>
										
						</control>
						<control type="image">
							<posx>20</posx>
							<posy>20</posy>
							<width>100</width>
							<height>100</height>
							<visible>String.IsEqual(ListItem.Property(Quality),360)</visible>
							<texture>360.png</texture>
							<animation type="Conditional" reversible="false" condition="!Container(3000).OnNext + !Container(3000).OnPrevious">
							
								<effect type="rotatex" start="0" end="360" center="80,0" time="800" loop="true" reversible="true"/>
								
								
							</animation>
										
						</control>
						<control type="image">
							<posx>20</posx>
							<posy>20</posy>
							<width>100</width>
							<height>100</height>
							<visible>String.IsEqual(ListItem.Property(Quality),unk)</visible>
							<texture>unk.png</texture>
							<animation type="Conditional" reversible="false" condition="!Container(3000).OnNext + !Container(3000).OnPrevious">
							
								<effect type="rotatex" start="0" end="360" center="80,0" time="800" loop="true" reversible="true"/>
								
								
							</animation>
										
						</control>
						<control type="image">
							<posx>800</posx>
							<posy>10</posy>
							<width>50</width>
							<height>50</height>
							<visible>String.IsEqual(ListItem.Property(rd),100)</visible>
							<texture>rd.png</texture>
							
										
						</control>
						<control type="image">
							<posx>900</posx>
							<posy>10</posy>
							<width>60</width>
							<height>60</height>
							<visible>String.IsEqual(ListItem.Property(magnet),100)</visible>
							<texture>magnet.png</texture>
							
										
						</control>
						<control type="image">
							<posx>900</posx>
							<posy>10</posy>
							<width>60</width>
							<height>60</height>
							<visible>String.IsEqual(ListItem.Property(magnet),200)</visible>
							<texture>magnet2.png</texture>
							
										
						
						</control>
						<control type="image">
							<posx>800</posx>
							<posy>10</posy>
							<width>70</width>
							<height>30</height>
							<visible>String.IsEqual(ListItem.Property(history),100)</visible>
							<texture>watched6.png</texture>
							
										
						</control>
					   <control type="label">
							
							<posx>20</posx>
							<posy>120</posy>
							<width>1130</width>
							<height>38</height>
							<font>font-24</font>
				
							<textcolor>snow</textcolor>
							<aligny>center</aligny>
							<align>left</align>
							<info>ListItem.Label</info>
						</control>
					<!-- [server/] -->
	<!-- 				  <control type="image">
							<posx>960</posx>
							<posy>40</posy>
							<width>50</width>
							<height>50</height>
							<visible>String.IsEqual(ListItem.Property(server_v),100)</visible>
							<texture>server.png</texture>
							
										
						</control> -->
					   <control type="label">
							<posx>1010</posx>
							<posy>10</posy>
							<width>1280</width>
							<height>38</height>
							<font>font-24</font>
							<textcolor>FF999999</textcolor>
							<aligny>center</aligny>		    
							<align>left</align>
							<visible>String.IsEqual(ListItem.Property(server_v),100)</visible>
							<info>ListItem.Property(server)</info>
					   </control>
					   
					   <!-- [pre/] -->
					   <!-- [pre/] -->
					  
						
					   <control type="label">
							<posx>135</posx>
							<posy>20</posy>
							<width>1280</width>
							<height>38</height>
							<font>font-24</font>
							<textcolor>FF999999</textcolor>
							<aligny>center</aligny>		    
							<align>left</align>
							<visible>String.IsEqual(ListItem.Property(server_v),100)</visible>
							<info>ListItem.Property(pre)</info>
							
					   </control>
									   <!-- [supply/] -->
					   
					   <control type="label">
							<posx>220</posx>
							<posy>20</posy>
							<width>1600</width>
							<height>138</height>
							<font>font-25</font>
							<scrollspeed>5</scrollspeed>
							<textcolor>FF999999</textcolor>
							<aligny>center</aligny>		    
							<align>left</align>
							<info>ListItem.Property(supply)</info>
					   </control>


					   <control type="label">
							<posx>1650</posx>
							<posy>80</posy>
							<width>220</width>
							<height>38</height>
							<font>font-25</font>
							<textcolor>FF999999</textcolor>
							<aligny>center</aligny>		    
							<align>center</align>
							<visible>String.IsEqual(ListItem.Property(server_v),100)</visible>
							<info>ListItem.Property(size)</info>
					   </control>
					</control>
				</focusedlayout>
			</control>  
			<control type="scrollbar" id="105">
                <left>1895</left>
               
                <top>70</top>
                <width>20</width>
                <height>1000</height>
                
                <visible>true</visible>
                <texturesliderbackground>Button/scrollbar-V-background.png</texturesliderbackground>
                <texturesliderbar colordiffuse="lime">Button/scrollbar-V.png</texturesliderbar>
                <texturesliderbarfocus colordiffuse="FF12B2E7">Button/scrollbar-V-focus.png</texturesliderbarfocus>
                <orientation>vertical</orientation>
                <showonepage>true</showonepage>
                <onup>3000</onup>
				
                <ondown>3000</ondown>
                <onleft>3000</onleft>
                <onright>3001</onright>
				<visible>!Player.Playing</visible>
            </control>
			<control type="label" id="202">
						<posx>1350</posx>
						<posy>50</posy>
						<width>1280</width>
						<height>38</height>
						<font>font-30</font>
						<textcolor>lime</textcolor>
						<aligny>center</aligny>		    
						<align>left</align>
						<visible>true</visible>
						
			</control>
			<control type="button" id="3001">
				<description>Close Window button</description>
				<posx>1830</posx>
				<posy>5</posy>
				<width>80</width>
				<height>50</height>
				<label>-</label>
				<font>-</font>
				<onclick>PreviousMenu</onclick>
				<texturefocus>DialogCloseButton-focus.png</texturefocus>
				<texturenofocus>DialogCloseButton.png</texturenofocus>
				<visible>system.getbool(input.enablemouse)</visible>			
				<onup>3000</onup>
				<ondown>3000</ondown>
				<onright>3000</onright>
				<onleft>105</onleft>  
			</control>	
	    </control>
    </controls>
</window>
