<?xml version="1.0" encoding="UTF-8"?>
<window>
    <coordinates>
        <left>100</left>
        <top>100</top>
    </coordinates>
    <controls>
        <control type="group">
            <control type="image">
                <left>0</left>
                <top>0</top>
                <width>1500</width>
                <height>800</height>
                <texture border="2">Background/ContentPanel.png</texture>
            </control>
            <control type="image" id="101">
                <left>10</left>
                <top>10</top>
                <width>1500</width>
                <height>800</height>
            </control>
            <control type="label" id="102">
                <description>header label</description>
                <posx>605</posx>
                <posy>20</posy>
                <width>950</width>
                <height>40</height>
                <font>font18</font>
                <label></label>
                <align>center</align>
                <aligny>center</aligny>
            </control>
            <control type="image" id="103">
                <left>50</left>
                <top>30</top>
                <width>700</width>
                <height>650</height>
                <aspectratio aligny="center" align="center">keep</aspectratio>
            </control>
            <control type="textbox" id="104">
                <left>840</left>
                <top>80</top>
                <width>570</width>
                <height>700</height>
                <font>font18</font>
                <align>left</align>
                <aligny>top</aligny>
                <pagecontrol>105</pagecontrol>
                <onup>105</onup>
                <ondown>105</ondown>
                <onleft>105</onleft>
                <onright>105</onright>
            </control>
            <control type="scrollbar" id="105">
                <left>1450</left>
                <top>70</top>
                <width>30</width>
                <height>700</height>
                <subtype>text</subtype>
                <visible>true</visible>
                <texturesliderbackground>Button/scrollbar-V-background.png</texturesliderbackground>
                <texturesliderbar>Button/scrollbar-V.png</texturesliderbar>
                <texturesliderbarfocus colordiffuse="FF12B2E7">Button/scrollbar-V-focus.png</texturesliderbarfocus>
                <orientation>vertical</orientation>
                <showonepage>true</showonepage>
                <onup>104</onup>
				
                <ondown>104</ondown>
                <onleft>199</onleft>
                <onright>199</onright>
            </control>
			<control type="button" id="199">
			  <description>Close</description>
			  <left>50</left>
			  <top>700</top>
			  <width>250</width>
			  <height>50</height>
			  <visible>true</visible>
			  <colordiffuse>FFFFFFFF</colordiffuse>
			  <texturefocus colordiffuse="FFFFAAFF">Button/KeyboardKeyNF.png</texturefocus>
			  <texturenofocus colordiffuse="FFFFAAFF">Button/KeyboardKey.png</texturenofocus>
			  <label>[B]Close[/B]</label>
			  <wrapmultiline>true</wrapmultiline>
			  <font>font12</font>
			  <textcolor>FFFFFFFF</textcolor>
			  <focusedcolor>lime</focusedcolor>
			  <disabledcolor>80FFFFFF</disabledcolor>
			  <invalidcolor>FFFFFFFF</invalidcolor>
			  <align>center</align>
			  <aligny></aligny>
			  <textoffsetx></textoffsetx>
			  <textoffsety></textoffsety>
			  <pulseonselect></pulseonselect>
			  <onclick>Close</onclick>
			  <onfocus></onfocus>
			  <onunfocus></onunfocus>
			  <onup>2</onup>
			  <ondown>3</ondown>
			  <onleft>105</onleft>
			  <onright>105</onright>
		</control>

        </control>
    </controls>
</window>
