<?xml version="1.0" encoding="UTF-8" standalone="yes"?>
<addon id="plugin.program.al8inawizard" name="[COLORorangered]Al8inA Wizard[/COLOR]" version="1.1.4" provider-name="[COLORorange]ASistem[/COLOR]">
    <requires>
        <import addon="xbmc.python" version="2.1.0" />
        <import addon="script.module.requests" />
        <import addon="script.module.six" />
    </requires>
    
    <extension point="xbmc.python.pluginsource" library="default.py">
        <provides>executable</provides>
    </extension>
    
    <extension point="xbmc.service" library="startup.py" start="startup" />
    
    <extension point="xbmc.addon.metadata">
        <summary lang="en">[COLOR gold]Open Wizard[/COLOR]</summary>
        <description lang="en">Wizard offers many maintenance features, selective add-on data saving, and automated build installs.For kodi 17(krypton)and 18(leia).</description>
        <platform>all</platform>
        <reuselanguageinvoker>false</reuselanguageinvoker>
        <source>https://www.github.com/drinfernoo/plugin.program.openwizard/</source>
        <news>
 - Credit's to drinfernoo
        </news>
        <assets>
            <icon>icon.png</icon>
            <fanart>fanart.jpg</fanart>
        </assets>
    </extension>
</addon>
