<addon id="plugin.program.al8inamatrix" name="[COLORorangered]Al8inA[/COLOR] [COLORchocolate]Matrix Wizard[/COLOR]" version="1.2.4" provider-name="AudioSistem">
    <requires>
        <import addon="xbmc.python" version="3.0.0" />
        <import addon="script.module.requests" />
        <import addon="script.module.six" />
        <import addon="script.kodi.android.update" optional="true" version="1.1.7" />
        <import addon="script.speedtester" optional="true" version="1.1.2" />
    </requires>

    <extension point="xbmc.python.pluginsource" library="default.py">
        <provides>executable</provides>
    </extension>

    <extension point="xbmc.service" library="startup.py" start="startup" />

    <extension point="xbmc.addon.metadata">
        <summary lang="en">[COLOR chocolate]Open Wizard[/COLOR]</summary>
        <description lang="en">Al8inA Matrix Wizard-- All Credit To drinfernoo & slamious for the Matrix Mods</description>
        <platform>all</platform>
        <reuselanguageinvoker>false</reuselanguageinvoker>
        <source></source>
        <news>
        </news>
        <assets>
            <icon>icon.png</icon>
            <fanart>fanart.png</fanart>
        </assets>
    </extension>
</addon>