<?xml version="1.0" encoding="UTF-8" standalone="yes"?>
<addon id="plugin.video.KodiVerse" name="[COLOR lime]KodiVerse[/COLOR]" provider-name="KodiVerse" version="2.0.3">
    <requires>
	    <import addon="script.module.six" version="0.0.1"/>
		<import addon="script.module.requests"/>
        <import addon="script.module.resolveurl"/>
    </requires>
    <extension library="default.py" point="xbmc.python.pluginsource">
        <provides>video</provides>
    </extension>
	<extension library="resources/modules/" point="xbmc.python.module" />
    <extension library="resources/sources/" point="xbmc.python.module" />
    <extension library="resources/" point="xbmc.python.module" />
    <extension point="xbmc.addon.metadata">
        <reuselanguageinvoker>true</reuselanguageinvoker>
        <summary lang="en">The KodiVerse</summary>
        <description lang="en">“Dedicated to everyone in the KodiVerse</description>
        <platform>all</platform>
        <license>GNU GENERAL PUBLIC LICENSE. Version 3, 29 June 2007</license>
        <disclaimer lang="en">The author of this add-on does not host any of the content which is found and has no affiliation with any of the content providers. This add-on simply searches websites for content. Use at your own risk!</disclaimer>
        <assets>
            <icon>icon.png</icon>
            <fanart>fanart.jpg</fanart>
        </assets>
        <news>

        </news>
    </extension>
</addon>