<?xml version="1.0" encoding="UTF-8"?>
    <addon id="repository.al8ina" name="Bee Queen" version="1.0.1" provider-name="ASistem">
        <requires>
            <import addon="xbmc.addon" version="12.0.0"/>
        </requires>
        <extension point="xbmc.addon.repository" name="Bee Queen">
            <info compressed="false">https://github.com/audiosistem/Bee-Queen/raw/master/_repo/addons.xml</info>
            <checksum>https://github.com/audiosistem/Bee-Queen/raw/master/_repo/addons.xml.md5</checksum>
            <datadir zip="true">https://github.com/audiosistem/Bee-Queen/raw/master/_repo/</datadir>
            <hashes>false</hashes>
        </extension>
        <extension point="xbmc.addon.metadata">
            <summary>4my comunity</summary>
            <description>4install build Al8inA</description>
            <platform>all</platform>
    </extension>
</addon>