<?xml version="1.0" encoding="UTF-8" standalone="yes"?>
<addon id="repository.sarsaila" name="Sarsailă's Addons" version="1.1.1" provider-name="Sarsailă">
    <extension point="xbmc.addon.repository" name="Sarsailă's Addons">
        <dir>
            <info compressed="false">https://raw.githubusercontent.com/xngsrs/myhobby/master/addons.xml</info>
            <checksum>https://raw.githubusercontent.com/xngsrs/myhobby/master/addons.xml.md5</checksum>
            <datadir zip="true">https://github.com/xngsrs/myhobby/raw/master/zips/</datadir>
        </dir>
    </extension>
    <extension point="xbmc.addon.metadata">
        <summary>Install Addons from Sarsa repo</summary>
        <description>Download and install addons for Kodi.</description>
        <disclaimer>Sarsailă</disclaimer>
        <platform>all</platform>
		<assets>
            <icon>icon.png</icon>
            <fanart>fanart.jpg</fanart>
        </assets>
    </extension>
</addon>
